{"cameraMode":{"drawMode":0,"name":"Shaded","section":"Shading Mode"},"sceneLighting":true,"audioPlay":false,"sceneViewState":{"m_AlwaysRefresh":false,"showFog":true,"showSkybox":true,"showFlares":true,"showImageEffects":true,"showParticleSystems":true,"showVisualEffectGraphs":true,"m_FxEnabled":true},"in2DMode":false,"pivot":{"x":-3.7200002670288088,"y":6.270000457763672,"z":-1.9799997806549073},"rotation":{"x":0.048158012330532077,"y":-0.38328874111175539,"z":-0.020082412287592889,"w":-0.9222126603126526},"size":12.12435531616211,"orthographic":false}